{
  "project_info": {
    "project_number": "491922363179",
    "firebase_url": "https://myapplication-c1593.firebaseio.com",
    "project_id": "myapplication-c1593",
    "storage_bucket": "myapplication-c1593.appspot.com"
  },
  "client": [
    {
      "client_info": {
        "mobilesdk_app_id": "1:491922363179:android:13c3c6a65bcbec53",
        "android_client_info": {
          "package_name": "com.example.myapplication"
        }
      },
      "oauth_client": [
        {
          "client_id": "491922363179-2n033t183o9ic5cho8s01k68ls1p7k5d.apps.googleusercontent.com",
          "client_type": 1,
          "android_info": {
            "package_name": "com.example.myapplication",
            "certificate_hash": "60f6714d90eb3bb87bc2381920b3a03cf87e0bd3"
          }
        },
        {
          "client_id": "491922363179-sks6osc81g4f5flo93k5gb7npqa7u9k3.apps.googleusercontent.com",
          "client_type": 1,
          "android_info": {
            "package_name": "com.example.myapplication",
            "certificate_hash": "4bc0a34c6a73efe4c8a3007dc0216c22b813433f"
          }
        },
        {
          "client_id": "491922363179-t0oq8u35v1huh171jq7mppshot6qjd9s.apps.googleusercontent.com",
          "client_type": 3
        }
      ],
      "api_key": [
        {
          "current_key": "AIzaSyBB41AmdP59pS7hxUu74bxG40KIvRQE90I"
        }
      ],
      "services": {
        "appinvite_service": {
          "other_platform_oauth_client": [
            {
              "client_id": "491922363179-t0oq8u35v1huh171jq7mppshot6qjd9s.apps.googleusercontent.com",
              "client_type": 3
            }
          ]
        }
      }
    }
  ],
  "configuration_version": "1"
}